{"cameraMode":{"drawMode":0,"name":"Shaded","section":"Shading Mode"},"sceneLighting":true,"audioPlay":false,"sceneViewState":{"showFog":true,"showMaterialUpdate":false,"showSkybox":true,"showFlares":true,"showImageEffects":true,"showParticleSystems":true},"in2DMode":false,"pivot":{"x":2.0167808532714845,"y":-0.447044312953949,"z":98.33958435058594},"rotation":{"x":-0.025805680081248285,"y":0.009593901224434376,"z":-0.00024796236539259553,"w":-0.9996293187141419},"size":139.48883056640626,"orthographic":true}