{"cameraMode":{"drawMode":0,"name":"Shaded","section":"Shading Mode"},"sceneLighting":false,"audioPlay":false,"sceneViewState":{"showFog":true,"showMaterialUpdate":false,"showSkybox":false,"showFlares":true,"showImageEffects":true,"showParticleSystems":true},"in2DMode":false,"pivot":{"x":-172.0350341796875,"y":877.6400146484375,"z":0.0},"rotation":{"x":0.004190485924482346,"y":-0.0024027868639677765,"z":-0.000010325761650165077,"w":-0.9999969601631165},"size":673.2079467773438,"orthographic":false}