{"cameraMode":{"drawMode":0,"name":"Shaded","section":"Shading Mode"},"sceneLighting":false,"audioPlay":false,"sceneViewState":{"showFog":true,"showMaterialUpdate":false,"showSkybox":false,"showFlares":true,"showImageEffects":true,"showParticleSystems":true},"in2DMode":false,"pivot":{"x":550.3279418945313,"y":774.9916381835938,"z":-17.65777587890625},"rotation":{"x":-0.013808123767375946,"y":0.012595657259225846,"z":-0.00017421487427782267,"w":-0.9998294115066528},"size":815.530517578125,"orthographic":false}