{"cameraMode":{"drawMode":0,"name":"Shaded","section":"Shading Mode"},"sceneLighting":true,"audioPlay":false,"sceneViewState":{"showFog":true,"showMaterialUpdate":false,"showSkybox":true,"showFlares":true,"showImageEffects":true,"showParticleSystems":true},"in2DMode":false,"pivot":{"x":2.7458648681640627,"y":-1.953277587890625,"z":-2.109375},"rotation":{"x":-0.051285915076732638,"y":0.008086775429546833,"z":-0.0004156051145400852,"w":-0.9986552596092224},"size":174.63955688476563,"orthographic":true}