{"cameraMode":{"drawMode":0,"name":"Shaded","section":"Shading Mode"},"sceneLighting":true,"audioPlay":false,"sceneViewState":{"showFog":true,"showMaterialUpdate":false,"showSkybox":true,"showFlares":true,"showImageEffects":true,"showParticleSystems":true},"in2DMode":false,"pivot":{"x":-24.81001853942871,"y":3.51220703125,"z":3.014843702316284},"rotation":{"x":-0.051285915076732638,"y":0.008086775429546833,"z":-0.0004156051145400852,"w":-0.9986552596092224},"size":71.61148834228516,"orthographic":true}